hostname,dns_ip,dns_timestamp
sunpass.com-fsyj.win,172.67.182.137,2025-04-16T14:06:56.557017412+00:00
sunpass.com-eme.win,104.21.96.1,2025-04-16T17:01:19.270215425+00:00
sunpass.com-elc.win,104.21.1.187,2025-04-16T17:01:17.234596065+00:00
sunpass.com-hqhd.win,43.162.124.12,2025-04-16T14:36:56.063670012+00:00
sunpass.com-ekz.win,172.67.176.160,2025-04-16T17:01:17.234040190+00:00
sunpass.com-hojp.win,43.153.109.208,2025-04-16T14:35:44.850940094+00:00
sunpass.com-icwy.win,43.153.33.181,2025-04-16T14:44:48.996519459+00:00
sunpass.com-fsfm.win,43.135.180.94,2025-04-16T14:06:28.632675052+00:00
sunpass.com-dfq.win,172.67.192.197,2025-04-16T17:01:09.296347597+00:00
sunpass.com-ylc.win,172.67.212.171,2025-04-16T17:03:21.283361202+00:00
sunpass.com-hfwb.win,170.106.83.12,2025-04-16T14:30:41.201865339+00:00
sunpass.com-goph.win,43.135.180.94,2025-04-16T14:20:01.139604074+00:00
sunpass.com-ghes.win,49.51.196.37,2025-04-16T14:15:39.606190316+00:00
sunpass.com-ekv.win,172.67.175.194,2025-04-16T17:01:17.233180685+00:00
sunpass.com-dfv.win,172.67.175.106,2025-04-16T17:01:09.297251097+00:00
sunpass.com-gnqx.win,43.153.33.181,2025-04-16T14:19:32.857782038+00:00
sunpass.com-gptc.win,49.51.228.72,2025-04-16T14:20:44.398401356+00:00
sunpass.com-uut.win,43.153.21.118,2025-04-16T17:02:58.245280055+00:00
sunpass.com-gsa.win,172.67.193.177,2025-04-16T17:01:32.891036279+00:00
sunpass.com-gmkb.win,49.51.196.37,2025-04-16T14:18:51.188806027+00:00
sunpass.com-gpet.win,170.106.178.161,2025-04-16T14:20:26.885185752+00:00
sunpass.com-dan.win,172.67.136.111,2025-04-16T17:01:08.055360108+00:00
sunpass.com-gln.win,172.67.189.170,2025-04-16T17:01:31.708193416+00:00
sunpass.com-foxm.win,43.153.33.181,2025-04-16T14:04:19.645854947+00:00
sunpass.com-iggl.win,43.130.57.28,2025-04-16T14:46:56.728492181+00:00
sunpass.com-hmbi.win,170.106.151.122,2025-04-16T14:34:14.543524998+00:00
sunpass.com-flyh.win,170.106.197.189,2025-04-16T14:02:30.448232536+00:00
sunpass.com-gsi.win,104.21.43.100,2025-04-16T17:01:32.892524901+00:00
sunpass.com-ekc.win,172.67.174.178,2025-04-16T17:01:17.229635493+00:00
sunpass.com-ikhj.win,170.106.151.122,2025-04-16T14:49:15.117997643+00:00
sunpass.com-griu.win,170.106.83.12,2025-04-16T14:21:50.031358080+00:00
sunpass.com-gsp.win,104.21.9.68,2025-04-16T17:01:32.893876309+00:00
sunpass.com-dsi.win,104.21.48.1,2025-04-16T17:01:11.751535661+00:00
sunpass.com-dfl.win,104.21.37.125,2025-04-16T17:01:09.295442926+00:00
sunpass.com-igpw.win,43.153.99.242,2025-04-16T14:47:08.486359255+00:00
sunpass.com-hijq.win,43.135.133.151,2025-04-16T14:32:03.479992887+00:00
sunpass.com-goyh.win,43.153.109.208,2025-04-16T14:20:15.461823817+00:00
sunpass.com-fusp.win,49.51.228.72,2025-04-16T14:07:57.726140425+00:00
sunpass.com-gyrx.win,43.135.133.151,2025-04-16T14:26:25.473668595+00:00
sunpass.com-huog.win,43.153.99.242,2025-04-16T14:39:37.421062403+00:00
sunpass.com-glc.win,172.67.131.244,2025-04-16T17:01:30.582031586+00:00
sunpass.com-hasq.win,170.106.197.189,2025-04-16T14:27:35.848483638+00:00
sunpass.com-hshd.win,170.106.151.122,2025-04-16T14:38:15.364494951+00:00
sunpass.com-hmqe.win,43.130.57.28,2025-04-16T14:34:39.054625348+00:00
sunpass.com-yln.win,104.21.22.227,2025-04-16T17:03:21.285370433+00:00
sunpass.com-dfh.win,172.67.175.98,2025-04-16T17:01:09.294685589+00:00
sunpass.com-alo.win,104.21.57.207,2025-04-16T17:00:49.969003044+00:00
sunpass.com-dfb.win,104.21.64.1,2025-04-16T17:01:09.293571463+00:00
sunpass.com-ylv.win,172.67.153.41,2025-04-16T17:03:21.286897816+00:00
sunpass.com-hxin.win,43.153.109.208,2025-04-16T14:41:28.154172287+00:00
sunpass.com-gnip.win,43.153.109.208,2025-04-16T14:19:25.361751881+00:00
sunpass.com-elv.win,104.21.60.104,2025-04-16T17:01:19.268508674+00:00
sunpass.com-hkmx.win,43.153.89.84,2025-04-16T14:33:15.741539966+00:00
sunpass.com-dsw.win,104.21.67.21,2025-04-16T17:01:11.754145299+00:00
sunpass.com-gsun.win,43.162.124.12,2025-04-16T14:22:39.638053255+00:00
sunpass.com-fyho.win,43.135.180.94,2025-04-16T14:10:01.285275134+00:00
sunpass.com-fnxo.win,43.153.109.208,2025-04-16T14:03:41.958433139+00:00
sunpass.com-nbyw.win,43.160.201.116,2025-04-16T16:08:53.902089068+00:00
sunpass.com-wegc.win,43.160.195.110,2025-04-16T16:36:43.992819593+00:00
sunpass.com-fyzs.win,170.106.178.161,2025-04-16T14:10:26.899138989+00:00
sunpass.com-elb.win,104.21.40.55,2025-04-16T17:01:17.234415697+00:00
sunpass.com-emy.win,104.21.14.138,2025-04-16T17:01:19.274063210+00:00
sunpass.com-fmob.win,43.135.180.94,2025-04-16T14:02:49.484693680+00:00
sunpass.com-flms.win,170.106.197.189,2025-04-16T14:02:12.048089604+00:00
sunpass.com-hkbl.win,43.153.99.242,2025-04-16T14:33:00.911963218+00:00
sunpass.com-gsf.win,104.21.48.1,2025-04-16T17:01:32.891949324+00:00
sunpass.com-ikac.win,170.106.197.189,2025-04-16T14:49:07.631747480+00:00
sunpass.com-hihw.win,170.106.83.12,2025-04-16T14:32:02.420473917+00:00
sunpass.com-dac.win,104.21.14.182,2025-04-16T17:01:08.053347189+00:00
sunpass.com-mlpy.win,43.160.201.116,2025-04-16T16:07:06.741220040+00:00
sunpass.com-hdmo.win,43.130.57.28,2025-04-16T14:29:06.088447537+00:00
sunpass.com-ftlr.win,170.106.178.161,2025-04-16T14:07:10.317024200+00:00
sunpass.com-hope.win,43.153.109.208,2025-04-16T14:35:50.295321042+00:00
sunpass.com-gxke.win,43.135.133.151,2025-04-16T14:25:36.029627346+00:00
sunpass.com-glz.win,104.21.22.95,2025-04-16T17:01:31.710420898+00:00
sunpass.com-hyrc.win,170.106.151.122,2025-04-16T14:42:15.643564316+00:00
sunpass.com-iako.win,43.153.109.208,2025-04-16T14:43:20.486003456+00:00
sunpass.com-ifrf.win,43.159.147.69,2025-04-16T14:46:39.176421494+00:00
sunpass.com-emz.win,104.21.68.207,2025-04-16T17:01:19.275001608+00:00
sunpass.com-gshs.win,49.51.196.37,2025-04-16T14:22:26.963245310+00:00
sunpass.com-ikng.win,43.160.201.116,2025-04-16T14:49:22.530221992+00:00
sunpass.com-gsw.win,104.21.64.1,2025-04-16T17:01:32.895207721+00:00
sunpass.com-hmbr.win,43.130.48.217,2025-04-16T14:34:15.555334013+00:00
sunpass.com-gdt.win,172.67.147.206,2025-04-16T17:01:29.403007686+00:00
sunpass.com-hcdr.win,43.135.133.151,2025-04-16T14:28:17.200612187+00:00
sunpass.com-gsg.win,172.67.159.136,2025-04-16T17:01:32.892130552+00:00
sunpass.com-hiwg.win,170.106.178.161,2025-04-16T14:32:17.107024200+00:00
sunpass.com-hcum.win,170.106.83.12,2025-04-16T14:28:39.050982254+00:00
sunpass.com-ftht.win,49.51.196.37,2025-04-16T14:07:05.937785115+00:00
sunpass.com-agsl.win,104.21.64.1,2025-04-16T14:51:45.760334855+00:00
sunpass.com-hcwi.win,43.130.57.28,2025-04-16T14:28:41.294821790+00:00
sunpass.com-ekl.win,172.67.202.66,2025-04-16T17:01:17.231314924+00:00
sunpass.com-emw.win,172.67.161.107,2025-04-16T17:01:19.273657325+00:00
sunpass.com-dse.win,104.21.80.1,2025-04-16T17:01:11.750606083+00:00
sunpass.com-hley.win,43.162.117.237,2025-04-16T14:33:38.565808702+00:00
sunpass.com-fkvt.win,49.51.228.72,2025-04-16T14:01:51.033355681+00:00
sunpass.com-wegb.win,43.160.201.116,2025-04-16T16:36:43.992638247+00:00
sunpass.com-iaxt.win,43.130.57.28,2025-04-16T14:43:38.929573109+00:00
sunpass.com-hycx.win,170.106.178.161,2025-04-16T14:41:57.891413434+00:00
sunpass.com-gsd.win,172.67.198.3,2025-04-16T17:01:32.891589555+00:00
sunpass.com-dfm.win,172.67.223.251,2025-04-16T17:01:09.295623723+00:00
sunpass.com-ush.win,172.67.137.1,2025-04-16T17:02:58.233215700+00:00
sunpass.com-ilgm.win,43.135.133.151,2025-04-16T14:49:47.722475837+00:00
sunpass.com-gnyx.win,43.130.57.28,2025-04-16T14:19:41.350212911+00:00
sunpass.com-emu.win,104.21.48.1,2025-04-16T17:01:19.273306515+00:00
sunpass.com-ghpj.win,170.106.178.161,2025-04-16T14:15:54.982359998+00:00
sunpass.com-hcjy.win,43.130.48.217,2025-04-16T14:28:26.418101537+00:00
sunpass.com-dam.win,172.67.193.17,2025-04-16T17:01:08.055174065+00:00
sunpass.com-hjfo.win,43.153.99.242,2025-04-16T14:32:31.882703956+00:00
sunpass.com-dfk.win,172.67.134.35,2025-04-16T17:01:09.295265555+00:00
sunpass.com-ekx.win,104.21.60.109,2025-04-16T17:01:17.233625656+00:00
sunpass.com-gxca.win,43.153.109.208,2025-04-16T14:25:21.767268504+00:00
sunpass.com-iatb.win,49.51.228.72,2025-04-16T14:43:32.767068244+00:00
sunpass.com-gisk.win,49.51.35.183,2025-04-16T14:16:34.478231165+00:00
sunpass.com-fvqs.win,43.135.133.151,2025-04-16T14:08:32.591711110+00:00
sunpass.com-gse.win,104.21.12.193,2025-04-16T17:01:32.891768373+00:00
sunpass.com-hlex.win,43.162.121.106,2025-04-16T14:33:38.565627659+00:00
sunpass.com-gywu.win,170.106.83.12,2025-04-16T14:26:33.167349924+00:00
sunpass.com-glx.win,172.67.183.225,2025-04-16T17:01:31.710045312+00:00
sunpass.com-wegf.win,43.160.201.116,2025-04-16T16:36:43.993383059+00:00
sunpass.com-gtpu.win,43.159.147.69,2025-04-16T14:23:16.418585351+00:00
sunpass.com-igjy.win,43.153.109.208,2025-04-16T14:47:02.081059958+00:00
sunpass.com-dsq.win,104.21.96.1,2025-04-16T17:01:11.752978038+00:00
sunpass.com-gso.win,104.21.92.193,2025-04-16T17:01:32.893669481+00:00
sunpass.com-dfz.win,104.21.16.1,2025-04-16T17:01:09.297991816+00:00
sunpass.com-hjpc.win,170.106.151.122,2025-04-16T14:32:46.197030623+00:00
sunpass.com-grdu.win,170.106.178.161,2025-04-16T14:21:42.860096764+00:00
sunpass.com-emt.win,172.67.139.56,2025-04-16T17:01:19.273113009+00:00
sunpass.com-mnhg.win,43.160.201.116,2025-04-16T16:07:15.544318303+00:00
sunpass.com-hrtb.win,170.106.151.122,2025-04-16T14:37:50.703801999+00:00
sunpass.com-hqwi.win,104.21.80.1,2025-04-16T14:37:14.858359795+00:00
sunpass.com-mtdb.win,43.160.201.116,2025-04-16T16:07:54.503274034+00:00
sunpass.com-dsu.win,172.67.154.166,2025-04-16T17:01:11.753765385+00:00
sunpass.com-gevt.win,43.153.89.84,2025-04-16T14:14:01.947697198+00:00
sunpass.com-iktv.win,43.160.195.110,2025-04-16T14:49:29.008998499+00:00
sunpass.com-fyaz.win,43.153.109.208,2025-04-16T14:09:52.795577882+00:00
sunpass.com-gdr.win,172.67.216.58,2025-04-16T17:01:29.402646690+00:00
sunpass.com-dfc.win,104.21.9.170,2025-04-16T17:01:09.293752199+00:00
sunpass.com-ieqv.win,170.106.178.161,2025-04-16T14:46:00.852633651+00:00
sunpass.com-heiv.win,170.106.83.12,2025-04-16T14:29:32.877650305+00:00
sunpass.com-hrvl.win,170.106.178.161,2025-04-16T14:37:54.964440857+00:00
sunpass.com-ifae.win,170.106.83.12,2025-04-16T14:46:16.191872292+00:00
sunpass.com-ylz.win,104.21.88.197,2025-04-16T17:03:21.287620702+00:00
sunpass.com-ylx.win,104.21.14.192,2025-04-16T17:03:21.287254263+00:00
sunpass.com-ikjr.win,43.160.201.116,2025-04-16T14:49:17.403670104+00:00
sunpass.com-gkvq.win,43.153.99.242,2025-04-16T14:17:55.572589945+00:00
sunpass.com-dab.win,104.21.45.108,2025-04-16T17:01:08.053165333+00:00
sunpass.com-wcfu.win,49.51.196.37,2025-04-16T16:36:29.138629504+00:00
sunpass.com-fmip.win,170.106.197.189,2025-04-16T14:02:42.026437861+00:00
sunpass.com-gcfn.win,43.130.48.217,2025-04-16T14:12:17.270307253+00:00
sunpass.com-emx.win,172.67.152.54,2025-04-16T17:01:19.273851888+00:00
sunpass.com-dav.win,104.21.31.73,2025-04-16T17:01:08.056796445+00:00
sunpass.com-fykh.win,43.162.124.2,2025-04-16T14:10:04.378808737+00:00
sunpass.com-hjcd.win,43.160.195.110,2025-04-16T14:32:27.555222585+00:00
sunpass.com-elx.win,104.21.65.9,2025-04-16T17:01:19.268872519+00:00
sunpass.com-heja.win,49.51.196.37,2025-04-16T14:29:33.888211796+00:00
sunpass.com-bvi.win,172.67.148.209,2025-04-16T17:00:58.587359807+00:00
sunpass.com-emc.win,104.21.49.159,2025-04-16T17:01:19.269786601+00:00
sunpass.com-dso.win,104.21.96.1,2025-04-16T17:01:11.752616948+00:00
sunpass.com-ihwt.win,170.106.197.189,2025-04-16T14:47:56.660948887+00:00
sunpass.com-ifwy.win,43.130.48.217,2025-04-16T14:46:46.372900231+00:00
sunpass.com-gysn.win,49.51.228.72,2025-04-16T14:26:26.792890544+00:00
sunpass.com-glm.win,104.21.32.15,2025-04-16T17:01:31.708006547+00:00
sunpass.com-hicv.win,43.135.180.94,2025-04-16T14:31:56.257749554+00:00
sunpass.com-dsp.win,104.21.64.1,2025-04-16T17:01:11.752798068+00:00
sunpass.com-dsy.win,172.67.217.227,2025-04-16T17:01:11.754517716+00:00
sunpass.com-ggps.win,49.51.228.72,2025-04-16T14:15:13.860875950+00:00
sunpass.com-hnhq.win,43.162.124.12,2025-04-16T14:35:05.890335053+00:00
sunpass.com-dst.win,104.21.93.209,2025-04-16T17:01:11.753582828+00:00
sunpass.com-fit.win,43.153.21.118,2025-04-16T17:01:25.057696902+00:00
sunpass.com-gsy.win,104.21.64.213,2025-04-16T17:01:32.895601933+00:00
sunpass.com-hekw.win,170.106.83.12,2025-04-16T14:29:36.941566399+00:00
sunpass.com-hkdm.win,49.51.35.183,2025-04-16T14:33:04.187107625+00:00
sunpass.com-gkch.win,43.162.124.2,2025-04-16T14:17:28.697268683+00:00
sunpass.com-dsr.win,104.21.42.112,2025-04-16T17:01:11.753203305+00:00
sunpass.com-emr.win,104.21.83.211,2025-04-16T17:01:19.272711987+00:00
sunpass.com-hpao.win,43.153.109.208,2025-04-16T14:36:05.936655793+00:00
sunpass.com-wdik.win,43.159.147.69,2025-04-16T16:36:38.593237335+00:00
sunpass.com-dfn.win,172.67.133.51,2025-04-16T17:01:09.295802229+00:00
sunpass.com-iaex.win,43.135.180.94,2025-04-16T14:43:12.284433241+00:00
sunpass.com-hkos.win,43.130.57.28,2025-04-16T14:33:22.797795910+00:00
sunpass.com-gvyf.win,170.106.197.189,2025-04-16T14:24:38.770234207+00:00
sunpass.com-gifl.win,43.162.117.237,2025-04-16T14:16:20.752946498+00:00
sunpass.com-hovm.win,43.153.109.208,2025-04-16T14:35:56.764674144+00:00
sunpass.com-flim.win,43.130.57.28,2025-04-16T14:02:06.668532884+00:00
sunpass.com-elz.win,104.21.4.64,2025-04-16T17:01:19.269231125+00:00
sunpass.com-eml.win,172.67.163.208,2025-04-16T17:01:19.271554678+00:00
sunpass.com-fzfl.win,49.51.196.37,2025-04-16T14:10:36.315799033+00:00
sunpass.com-hlew.win,43.162.124.151,2025-04-16T14:33:38.565448942+00:00
sunpass.com-ifnv.win,170.106.197.189,2025-04-16T14:46:34.063720620+00:00
sunpass.com-ghtj.win,170.106.197.189,2025-04-16T14:16:03.365537229+00:00
sunpass.com-dfa.win,104.21.0.109,2025-04-16T17:01:09.293390765+00:00
sunpass.com-ghqo.win,43.162.117.237,2025-04-16T14:15:58.015283984+00:00
sunpass.com-alp.win,172.67.178.59,2025-04-16T17:00:49.969170143+00:00
sunpass.com-glv.win,172.67.215.119,2025-04-16T17:01:31.709663996+00:00
sunpass.com-ifkt.win,43.130.48.217,2025-04-16T14:46:28.766389184+00:00
sunpass.com-ilft.win,43.153.109.208,2025-04-16T14:49:46.416330484+00:00
sunpass.com-gde.win,104.21.63.4,2025-04-16T17:01:29.400173181+00:00
sunpass.com-hkyv.win,43.162.117.237,2025-04-16T14:33:32.180812387+00:00
sunpass.com-emv.win,104.21.9.178,2025-04-16T17:01:19.273476992+00:00
sunpass.com-emq.win,104.21.60.250,2025-04-16T17:01:19.272535651+00:00
