|200|259
|302|6
|404|260
2025-04-16 16:03:44|0|1
2025-04-16 16:03:44|200|2
2025-04-16 16:45:28|200|44
2025-04-16 16:46:50|200|150
2025-04-16 16:46:52|200|150
2025-04-16 16:46:54|200|150
2025-04-16 16:46:55|200|150
2025-04-16 16:46:57|200|150
2025-04-16 16:46:58|200|150
2025-04-16 16:46:59|200|17
2025-04-16 16:56:39|0|4
2025-04-16 16:56:39|200|32
2025-04-16 16:56:39|403|3
2025-04-16 16:56:39|500|10
2025-04-16 16:56:39|503|2
2025-04-16 16:59:02|200|39
2025-04-16 17:02:50|200|39
2025-04-16 17:03:31|200|78
2025-04-16 18:14:13|200|35
2025-04-16 18:14:14|200|9
2025-04-16 18:18:01|200|150
2025-04-16 18:18:02|200|150
2025-04-16 18:18:03|200|150
2025-04-16 18:18:05|0|4
2025-04-16 18:18:05|200|146
2025-04-16 18:18:08|200|150
2025-04-16 18:18:10|200|150
2025-04-16 18:18:11|200|7
2025-04-16 18:27:30|200|39
2025-04-16 18:31:08|200|78
2025-04-16 19:20:52|200|39
2025-04-16 19:54:49|200|150
2025-04-16 19:54:52|200|150
2025-04-16 19:54:54|200|150
2025-04-16 19:54:57|200|150
2025-04-16 19:55:00|200|150
2025-04-16 19:55:02|200|150
2025-04-16 19:55:05|0|5
2025-04-16 19:55:05|200|16
2025-04-16 20:09:14|200|78
2025-04-16 20:48:57|200|44
2025-04-16 21:02:50|200|39
2025-04-16 21:45:23|200|46
2025-04-16 21:45:24|200|104
2025-04-16 21:45:26|200|150
2025-04-16 21:45:29|200|143
2025-04-16 21:45:30|200|7
2025-04-16 21:45:32|200|150
2025-04-16 21:45:35|200|150
2025-04-16 21:45:38|200|150
2025-04-16 21:45:41|200|39
2025-04-16 21:59:56|200|78
2025-04-16 22:36:56|200|44
2025-04-16 23:27:00|200|150
2025-04-16 23:27:01|200|150
2025-04-16 23:27:02|200|150
2025-04-16 23:27:04|200|150
2025-04-16 23:27:05|200|150
2025-04-16 23:27:06|200|150
2025-04-16 23:27:07|200|11
2025-04-16 23:39:57|200|78
2025-04-17 00:56:24|200|150
2025-04-17 00:56:25|200|150
2025-04-17 00:56:26|200|150
2025-04-17 00:56:27|200|150
2025-04-17 00:56:29|200|150
2025-04-17 00:56:30|200|150
2025-04-17 00:56:31|200|11
2025-04-17 01:09:45|200|78
2025-04-17 01:33:52|200|39
2025-04-17 01:48:08|200|39
2025-04-17 02:32:36|200|2
2025-04-17 02:37:35|200|150
2025-04-17 02:37:36|200|150
2025-04-17 02:37:37|200|150
2025-04-17 02:37:38|200|13
2025-04-17 02:37:39|200|137
2025-04-17 02:37:40|200|150
2025-04-17 02:37:41|200|150
2025-04-17 02:37:43|200|9
2025-04-17 02:51:34|200|78
2025-04-17 03:13:41|0|13
2025-04-17 03:13:41|200|28
2025-04-17 03:13:41|403|1
2025-04-17 03:13:41|404|11
2025-04-17 03:13:41|451|1
2025-04-17 03:13:41|521|22
2025-04-17 03:16:41|200|44
2025-04-17 03:32:26|200|39
2025-04-18 18:53:34|200|100
2025-04-18 18:53:37|200|4
2025-04-18 19:51:01|0|13
2025-04-18 19:51:01|200|28
2025-04-18 19:51:01|403|1
2025-04-18 19:51:01|404|11
2025-04-18 19:51:01|451|1
2025-04-18 19:51:01|521|22
2025-04-18 20:17:18|200|100
2025-04-18 20:17:19|200|100
2025-04-18 20:17:21|200|100
2025-04-18 20:17:23|200|100
2025-04-18 20:17:24|200|100
2025-04-18 20:17:26|200|100
2025-04-18 20:17:27|200|100
2025-04-18 20:17:28|200|100
2025-04-18 20:17:30|200|100
2025-04-18 20:17:31|200|100
2025-04-18 20:21:56|200|100
2025-04-18 20:21:58|200|100
2025-04-18 20:21:59|200|74
2025-04-18 20:47:01|200|70
2025-04-18 20:47:01|404|20
2025-04-18 22:44:12|200|71
2025-04-18 22:44:12|404|1
2025-04-18 22:44:12|530|1
2025-04-18 22:46:55|200|39
2025-04-18 22:59:36|200|48
2025-04-18 22:59:36|404|1
2025-04-18 22:59:36|530|1
2025-04-18 22:59:37|200|23
2025-04-18 23:02:19|200|39
2025-04-19 00:20:58|200|50
2025-04-19 00:20:59|200|50
2025-04-19 00:21:00|200|100
2025-04-19 00:21:01|200|50
2025-04-19 00:21:03|200|50
2025-04-19 00:21:04|200|58
2025-04-19 00:21:17|200|50
2025-04-19 00:21:18|200|100
2025-04-19 00:21:19|200|50
2025-04-19 00:21:20|200|74
2025-04-19 00:21:40|200|44
2025-04-19 00:21:42|200|64
2025-04-19 00:25:05|200|50
2025-04-19 00:25:06|200|50
2025-04-19 00:25:07|200|50
2025-04-19 00:25:08|200|50
2025-04-19 00:25:09|200|50
2025-04-19 00:25:10|200|50
2025-04-19 00:25:11|200|50
2025-04-19 00:25:12|200|100
2025-04-19 00:25:13|200|50
2025-04-19 00:25:14|200|50
2025-04-19 00:25:15|200|50
2025-04-19 00:25:16|200|50
2025-04-19 00:25:17|200|50
2025-04-19 00:25:18|200|50
2025-04-19 00:25:19|200|100
2025-04-19 00:25:20|200|50
2025-04-19 00:25:21|200|50
2025-04-19 00:25:22|200|50
2025-04-19 01:02:14|200|48
2025-04-19 01:02:14|404|1
2025-04-19 01:02:14|530|1
2025-04-19 01:02:15|200|23
2025-04-19 01:04:50|200|39
